alpha,A,B,DM,p_value
0.01,Transformer,SRNN-VE-1,0.272237449929569,0.7854394479826046
0.01,Transformer,Baseline[rw],0.13776012970764923,0.8904299957310144
0.01,SRNN-VE-1,Baseline[rw],-0.6656293503147765,0.50564804146325
