alpha,A,B,DM,p_value
0.1,Transformer,SRNN-VE-1,-0.4827760231604419,0.6292547770385546
0.1,Transformer,Baseline[rw],-2.068168380028049,0.038624192477885844
0.1,SRNN-VE-1,Baseline[rw],-2.497446547914914,0.012509132230086983
