alpha,A,B,DM,p_value
0.025,Transformer,SRNN-VE-1,-0.5217627897462268,0.6018355006174823
0.025,Transformer,Baseline[rw],-1.281688530788638,0.19995192987537802
0.025,SRNN-VE-1,Baseline[rw],-1.7291729112268526,0.08377815300149138
