alpha,A,B,DM,p_value
0.05,Transformer,SRNN-VE-1,0.38558414442166655,0.6998046777770441
0.05,Transformer,Baseline[rw],-1.7442777839131722,0.08111066359187258
0.05,SRNN-VE-1,Baseline[rw],-2.5986419989847813,0.009359332612882465
