model,avg_fz0,hit_rate,kupiec_p,ind_p,cc_p,kupiec_LR,ind_LR,cc_LR,n
SRNN-VE-1,-1.8352499297723275,0.02,0.007950834043592647,0.4046999541769475,0.02087055410938854,7.044515237630264,0.6943167778172494,7.738832015447514,900
Baseline[rw],-1.8073442252809868,0.02,0.007950834043592647,0.4046999541769475,0.02087055410938854,7.044515237630264,0.6943167778172494,7.738832015447514,900
Transformer,-1.7848134007179943,0.021111111111111112,0.003538211566849081,0.3780944231084443,0.009639888281524067,8.506802965530767,0.7768885534299557,9.283691518960723,900
