{
  "model_name": "Baseline[rw]_garch11_skt_skt_nu5_lamm0p5_n6000_a10_seed42",
  "config": {
    "alpha": 0.1,
    "method": "rw",
    "init_window": 2000,
    "calibrate": false
  },
  "avg_fz0_loss": -2.757879574783014,
  "hit_rate": 0.13444444444444445,
  "kupiec_LR": 10.829223416730088,
  "kupiec_pof_p": 0.0009991053380156156,
  "ind_LR": 1.1612795785563321,
  "chr_ind_p": 0.28120032511659077,
  "cc_LR": 11.99050299528642,
  "chr_cc_p": 0.0024905505272976303,
  "n": 900
}