{
  "model_name": "Baseline[rw]_garch11_skt_skt_nu5_lamm0p5_n6000_a2_seed42",
  "config": {
    "alpha": 0.025,
    "method": "rw",
    "init_window": 2000,
    "calibrate": false
  },
  "avg_fz0_loss": -2.176815254042779,
  "hit_rate": 0.043333333333333335,
  "kupiec_LR": 10.215833808739717,
  "kupiec_pof_p": 0.0013924002899455834,
  "ind_LR": 2.701894036083843,
  "chr_ind_p": 0.10022911207821117,
  "cc_LR": 12.91772784482356,
  "chr_cc_p": 0.0015665744499326895,
  "n": 900
}