{
  "model": "SRNN-VE-1 (paper-exact, raw)",
  "alpha": 0.05,
  "hit_rate": 0.06,
  "kupiec_LR": 1.7857991464786096,
  "kupiec_p": 0.1814388340206885,
  "ind_LR": 0.5647058801940261,
  "ind_p": 0.4523703615415525,
  "cc_LR": 2.3505050266726357,
  "cc_p": 0.3087410086219219,
  "avg_fz0": -2.5691686747339775,
  "tag": "garch11_skt_skt_nu5_lamm0p5_n6000_a5_seed42"
}