{
  "model": "SRNN-VE-1 (paper-exact, raw)",
  "alpha": 0.025,
  "hit_rate": 0.044444444444444446,
  "kupiec_LR": 11.380477913241009,
  "kupiec_p": 0.0007422001891048691,
  "ind_LR": 0.04228564748075314,
  "ind_p": 0.8370762365619562,
  "cc_LR": 11.422763560721762,
  "cc_p": 0.00330809832005019,
  "avg_fz0": -2.243682153405039,
  "tag": "garch11_skt_skt_nu5_lamm0p5_n6000_a2_seed42"
}