{
  "model": "SRNN-VE-3 (repo-style, raw)",
  "alpha": 0.01,
  "hit_rate": 0.0847457627118644,
  "kupiec_LR": 154.70851085360175,
  "kupiec_p": 0.0,
  "ind_LR": 0.18468137604139656,
  "ind_p": 0.667380628106798,
  "cc_LR": 154.89319222964315,
  "cc_p": 0.0,
  "avg_fz0": -0.3123541771619016,
  "tag": ""
}