{
  "model": "SRNN-VE-1 (paper-exact, raw)",
  "alpha": 0.01,
  "hit_rate": 0.02,
  "kupiec_LR": 7.044515237630264,
  "kupiec_p": 0.007950834043592647,
  "ind_LR": 0.6943167778172494,
  "ind_p": 0.4046999541769475,
  "cc_LR": 7.738832015447514,
  "cc_p": 0.02087055410938854,
  "avg_fz0": -1.8352499297723275,
  "tag": "garch11_skt_skt_nu5_lamm0p5_n6000_a1_seed42"
}