{
  "model": "SRNN-VE-3 (repo-style, calibrated)",
  "alpha": 0.01,
  "hit_rate": 0.007062146892655367,
  "kupiec_LR": 0.6878064097326018,
  "kupiec_p": 0.40691150570869694,
  "ind_LR": 0.07122567343652264,
  "ind_p": 0.7895604899154629,
  "cc_LR": 0.7590320831691244,
  "cc_p": 0.6841924497948139,
  "avg_fz0": -1.8286887915899293,
  "tag": ""
}