{
  "model": "SRNN-VE-1 (paper-exact, raw)",
  "alpha": 0.1,
  "hit_rate": 0.10777777777777778,
  "kupiec_LR": 0.5915226317099496,
  "kupiec_p": 0.44183092977274074,
  "ind_LR": 0.23160621064880615,
  "ind_p": 0.6303353967144955,
  "cc_LR": 0.8231288423587557,
  "cc_p": 0.6626128333193092,
  "avg_fz0": -2.8325428201803535,
  "tag": "garch11_skt_skt_nu5_lamm0p5_n6000_a10_seed42"
}