{
  "model": "SRNN-VE-1 (paper-exact, raw)",
  "alpha": 0.01,
  "hit_rate": 0.00847457627118644,
  "kupiec_LR": 0.17548998284145512,
  "kupiec_p": 0.6752780748026419,
  "ind_LR": 0.10271166781235763,
  "ind_p": 0.7485994784611142,
  "cc_LR": 0.27820165065381275,
  "cc_p": 0.8701402918559094,
  "avg_fz0": -1.9528289333755613,
  "tag": ""
}