{
  "model": "Transformer (paper-exact, parity, raw)",
  "alpha": 0.01,
  "hit_rate": 0.021111111111111112,
  "kupiec_LR": 8.506802965530767,
  "kupiec_p": 0.003538211566849081,
  "ind_LR": 0.7768885534299557,
  "ind_p": 0.3780944231084443,
  "cc_LR": 9.283691518960723,
  "cc_p": 0.009639888281524067,
  "avg_fz0": -1.7848134007179943,
  "tag": "garch11_skt_skt_nu5_lamm0p5_n6000_a1_seed42"
}