{
  "model": "Transformer (paper-exact, parity, raw)",
  "alpha": 0.05,
  "hit_rate": 0.08555555555555555,
  "kupiec_LR": 19.93289998538762,
  "kupiec_p": 8.020812043985082e-06,
  "ind_LR": 3.176710243949742,
  "ind_p": 0.07469497535996883,
  "cc_LR": 23.109610229337363,
  "cc_p": 9.589851877822575e-06,
  "avg_fz0": -2.5474102193768067,
  "tag": "garch11_skt_skt_nu5_lamm0p5_n6000_a5_seed42"
}