{
  "model": "Transformer (paper-exact, parity, raw)",
  "alpha": 0.1,
  "hit_rate": 0.13666666666666666,
  "kupiec_LR": 12.207256117976613,
  "kupiec_p": 0.00047603997863110425,
  "ind_LR": 0.9163486475533773,
  "ind_p": 0.3384355281451378,
  "cc_LR": 13.12360476552999,
  "cc_p": 0.001413336040775759,
  "avg_fz0": -2.854085707962029,
  "tag": "garch11_skt_skt_nu5_lamm0p5_n6000_a10_seed42"
}