{
  "model": "Transformer (paper-exact, parity, raw)",
  "alpha": 0.025,
  "hit_rate": 0.03777777777777778,
  "kupiec_LR": 5.224849628815093,
  "kupiec_p": 0.022266371527614348,
  "ind_LR": 1.9558764377433135,
  "ind_p": 0.1619550134473774,
  "cc_LR": 7.180726066558407,
  "cc_p": 0.02758831312927079,
  "avg_fz0": -2.2904186835849516,
  "tag": "garch11_skt_skt_nu5_lamm0p5_n6000_a2_seed42"
}